freq[Hz]:,iron,aluminum,copper,silver,graphite
1000000,2.07E-04,8.46E-05,6.55E-05,6.39E-05,0.000225047
1020000,2.05E-04,8.37E-05,6.49E-05,6.33E-05,0.000222829
1050000,2.02E-04,8.25E-05,6.39E-05,6.24E-05,0.000219623
1070000,2.00E-04,8.18E-05,6.33E-05,6.18E-05,0.000217561
1100000,1.98E-04,8.06E-05,6.25E-05,6.10E-05,0.000214573
1120000,1.96E-04,7.99E-05,6.19E-05,6.04E-05,0.000212649
1150000,1.93E-04,7.89E-05,6.11E-05,5.96E-05,0.000209857
1170000,1.92E-04,7.82E-05,6.06E-05,5.91E-05,0.000208056
1200000,1.89E-04,7.72E-05,5.98E-05,5.84E-05,0.000205438
1230000,1.87E-04,7.63E-05,5.91E-05,5.76E-05,0.000202918
1260000,1.85E-04,7.53E-05,5.84E-05,5.70E-05,0.000200487
1290000,1.82E-04,7.45E-05,5.77E-05,5.63E-05,0.000198142
1320000,1.80E-04,7.36E-05,5.70E-05,5.56E-05,0.000195878
1350000,1.78E-04,7.28E-05,5.64E-05,5.50E-05,0.000193689
1380000,1.76E-04,7.20E-05,5.58E-05,5.44E-05,0.000191572
1410000,1.74E-04,7.12E-05,5.52E-05,5.38E-05,0.000189523
1450000,1.72E-04,7.02E-05,5.44E-05,5.31E-05,0.000186891
1480000,1.70E-04,6.95E-05,5.39E-05,5.26E-05,0.000184987
1510000,1.69E-04,6.88E-05,5.33E-05,5.20E-05,0.00018314
1550000,1.66E-04,6.79E-05,5.26E-05,5.14E-05,0.000180762
1580000,1.65E-04,6.73E-05,5.21E-05,5.09E-05,0.000179037
1620000,1.63E-04,6.65E-05,5.15E-05,5.02E-05,0.000176813
1660000,1.61E-04,6.56E-05,5.08E-05,4.96E-05,0.00017467
1700000,1.59E-04,6.49E-05,5.02E-05,4.90E-05,0.000172603
1740000,1.57E-04,6.41E-05,4.97E-05,4.85E-05,0.000170607
1780000,1.55E-04,6.34E-05,4.91E-05,4.79E-05,0.00016868
1820000,1.54E-04,6.27E-05,4.86E-05,4.74E-05,0.000166816
1860000,1.52E-04,6.20E-05,4.80E-05,4.69E-05,0.000165012
1910000,1.50E-04,6.12E-05,4.74E-05,4.63E-05,0.000162838
1950000,1.48E-04,6.06E-05,4.69E-05,4.58E-05,0.000161159
2000000,1.46E-04,5.98E-05,4.63E-05,4.52E-05,0.000159132
2040000,1.45E-04,5.92E-05,4.59E-05,4.48E-05,0.000157564
2090000,1.43E-04,5.85E-05,4.53E-05,4.42E-05,0.000155668
2140000,1.42E-04,5.78E-05,4.48E-05,4.37E-05,0.000153839
2190000,1.40E-04,5.72E-05,4.43E-05,4.32E-05,0.000152072
2240000,1.38E-04,5.65E-05,4.38E-05,4.27E-05,0.000150366
2290000,1.37E-04,5.59E-05,4.33E-05,4.22E-05,0.000148715
2340000,1.35E-04,5.53E-05,4.28E-05,4.18E-05,0.000147118
2400000,1.34E-04,5.46E-05,4.23E-05,4.13E-05,0.000145267
2450000,1.32E-04,5.40E-05,4.19E-05,4.08E-05,0.000143777
2510000,1.31E-04,5.34E-05,4.14E-05,4.04E-05,0.000142048
2570000,1.29E-04,5.28E-05,4.09E-05,3.99E-05,0.00014038
2630000,1.28E-04,5.22E-05,4.04E-05,3.94E-05,0.00013877
2690000,1.26E-04,5.16E-05,3.99E-05,3.90E-05,0.000137213
2750000,1.25E-04,5.10E-05,3.95E-05,3.86E-05,0.000135708
2820000,1.23E-04,5.04E-05,3.90E-05,3.81E-05,0.000134013
2880000,1.22E-04,4.98E-05,3.86E-05,3.77E-05,0.00013261
2950000,1.21E-04,4.92E-05,3.81E-05,3.72E-05,0.000131027
3020000,1.19E-04,4.87E-05,3.77E-05,3.68E-05,0.0001295
3090000,1.18E-04,4.81E-05,3.73E-05,3.64E-05,0.000128025
3160000,1.17E-04,4.76E-05,3.69E-05,3.60E-05,0.000126599
3240000,1.15E-04,4.70E-05,3.64E-05,3.55E-05,0.000125026
3310000,1.14E-04,4.65E-05,3.60E-05,3.51E-05,0.000123697
3390000,1.13E-04,4.59E-05,3.56E-05,3.47E-05,0.000122229
3470000,1.11E-04,4.54E-05,3.52E-05,3.43E-05,0.000120811
3550000,1.10E-04,4.49E-05,3.48E-05,3.39E-05,0.000119442
3630000,1.09E-04,4.44E-05,3.44E-05,3.36E-05,0.000118119
3720000,1.07E-04,4.39E-05,3.40E-05,3.31E-05,0.000116681
3800000,1.06E-04,4.34E-05,3.36E-05,3.28E-05,0.000115446
3890000,1.05E-04,4.29E-05,3.32E-05,3.24E-05,0.000114103
3980000,1.04E-04,4.24E-05,3.28E-05,3.20E-05,0.000112806
4070000,1.03E-04,4.19E-05,3.25E-05,3.17E-05,0.000111551
4170000,1.01E-04,4.14E-05,3.21E-05,3.13E-05,0.000110206
4270000,1.00E-04,4.09E-05,3.17E-05,3.09E-05,0.000108908
4370000,9.91E-05,4.05E-05,3.13E-05,3.06E-05,0.000107654
4470000,9.80E-05,4.00E-05,3.10E-05,3.02E-05,0.000106443
4570000,9.69E-05,3.96E-05,3.06E-05,2.99E-05,0.000105272
4680000,9.58E-05,3.91E-05,3.03E-05,2.96E-05,0.000104028
4790000,9.47E-05,3.86E-05,2.99E-05,2.92E-05,0.000102826
4900000,9.36E-05,3.82E-05,2.96E-05,2.89E-05,0.000101666
5010000,9.26E-05,3.78E-05,2.93E-05,2.86E-05,0.000100543
5130000,9.15E-05,3.73E-05,2.89E-05,2.82E-05,9.94E-05
5250000,9.04E-05,3.69E-05,2.86E-05,2.79E-05,9.82E-05
5370000,8.94E-05,3.65E-05,2.83E-05,2.76E-05,9.71E-05
5500000,8.83E-05,3.61E-05,2.79E-05,2.73E-05,9.60E-05
5620000,8.74E-05,3.57E-05,2.76E-05,2.70E-05,9.49E-05
5750000,8.64E-05,3.53E-05,2.73E-05,2.67E-05,9.39E-05
5890000,8.54E-05,3.48E-05,2.70E-05,2.63E-05,9.27E-05
6030000,8.44E-05,3.44E-05,2.67E-05,2.60E-05,9.16E-05
6170000,8.34E-05,3.40E-05,2.64E-05,2.57E-05,9.06E-05
6310000,8.25E-05,3.37E-05,2.61E-05,2.55E-05,8.96E-05
6460000,8.15E-05,3.33E-05,2.58E-05,2.52E-05,8.85E-05
6610000,8.06E-05,3.29E-05,2.55E-05,2.49E-05,8.75E-05
6760000,7.97E-05,3.25E-05,2.52E-05,2.46E-05,8.66E-05
6920000,7.88E-05,3.22E-05,2.49E-05,2.43E-05,8.55E-05
7080000,7.79E-05,3.18E-05,2.46E-05,2.40E-05,8.46E-05
7240000,7.70E-05,3.14E-05,2.43E-05,2.38E-05,8.36E-05
7410000,7.61E-05,3.11E-05,2.41E-05,2.35E-05,8.27E-05
7590000,7.52E-05,3.07E-05,2.38E-05,2.32E-05,8.17E-05
7760000,7.44E-05,3.04E-05,2.35E-05,2.30E-05,8.08E-05
7940000,7.35E-05,3.00E-05,2.32E-05,2.27E-05,7.99E-05
8130000,7.27E-05,2.97E-05,2.30E-05,2.24E-05,7.89E-05
8320000,7.18E-05,2.93E-05,2.27E-05,2.22E-05,7.80E-05
8510000,7.10E-05,2.90E-05,2.25E-05,2.19E-05,7.71E-05
8710000,7.02E-05,2.87E-05,2.22E-05,2.17E-05,7.63E-05
8910000,6.94E-05,2.83E-05,2.19E-05,2.14E-05,7.54E-05
9120000,6.86E-05,2.80E-05,2.17E-05,2.12E-05,7.45E-05
9330000,6.78E-05,2.77E-05,2.14E-05,2.09E-05,7.37E-05
9550000,6.70E-05,2.74E-05,2.12E-05,2.07E-05,7.28E-05
9770000,6.63E-05,2.71E-05,2.10E-05,2.05E-05,7.20E-05
10000000,6.55E-05,2.67E-05,2.07E-05,2.02E-05,7.12E-05
10200000,6.49E-05,2.65E-05,2.05E-05,2.00E-05,7.05E-05
10500000,6.39E-05,2.61E-05,2.02E-05,1.97E-05,6.95E-05
10700000,6.33E-05,2.59E-05,2.00E-05,1.95E-05,6.88E-05
11000000,6.25E-05,2.55E-05,1.98E-05,1.93E-05,6.79E-05
11200000,6.19E-05,2.53E-05,1.96E-05,1.91E-05,6.72E-05
11500000,6.11E-05,2.49E-05,1.93E-05,1.89E-05,6.64E-05
11700000,6.06E-05,2.47E-05,1.92E-05,1.87E-05,6.58E-05
12000000,5.98E-05,2.44E-05,1.89E-05,1.85E-05,6.50E-05
12300000,5.91E-05,2.41E-05,1.87E-05,1.82E-05,6.42E-05
12600000,5.84E-05,2.38E-05,1.85E-05,1.80E-05,6.34E-05
12900000,5.77E-05,2.35E-05,1.82E-05,1.78E-05,6.27E-05
13200000,5.70E-05,2.33E-05,1.80E-05,1.76E-05,6.19E-05
13500000,5.64E-05,2.30E-05,1.78E-05,1.74E-05,6.12E-05
13800000,5.58E-05,2.28E-05,1.76E-05,1.72E-05,6.06E-05
14100000,5.52E-05,2.25E-05,1.74E-05,1.70E-05,5.99E-05
14500000,5.44E-05,2.22E-05,1.72E-05,1.68E-05,5.91E-05
14800000,5.39E-05,2.20E-05,1.70E-05,1.66E-05,5.85E-05
15100000,5.33E-05,2.18E-05,1.69E-05,1.65E-05,5.79E-05
15500000,5.26E-05,2.15E-05,1.66E-05,1.62E-05,5.72E-05
15800000,5.21E-05,2.13E-05,1.65E-05,1.61E-05,5.66E-05
16200000,5.15E-05,2.10E-05,1.63E-05,1.59E-05,5.59E-05
16600000,5.08E-05,2.08E-05,1.61E-05,1.57E-05,5.52E-05
17000000,5.02E-05,2.05E-05,1.59E-05,1.55E-05,5.46E-05
17400000,4.97E-05,2.03E-05,1.57E-05,1.53E-05,5.40E-05
17800000,4.91E-05,2.00E-05,1.55E-05,1.52E-05,5.33E-05
18200000,4.86E-05,1.98E-05,1.54E-05,1.50E-05,5.28E-05
18600000,4.80E-05,1.96E-05,1.52E-05,1.48E-05,5.22E-05
19100000,4.74E-05,1.94E-05,1.50E-05,1.46E-05,5.15E-05
19500000,4.69E-05,1.92E-05,1.48E-05,1.45E-05,5.10E-05
20000000,4.63E-05,1.89E-05,1.46E-05,1.43E-05,5.03E-05
20400000,4.59E-05,1.87E-05,1.45E-05,1.42E-05,4.98E-05
20900000,4.53E-05,1.85E-05,1.43E-05,1.40E-05,4.92E-05
21400000,4.48E-05,1.83E-05,1.42E-05,1.38E-05,4.86E-05
21900000,4.43E-05,1.81E-05,1.40E-05,1.37E-05,4.81E-05
22400000,4.38E-05,1.79E-05,1.38E-05,1.35E-05,4.75E-05
22900000,4.33E-05,1.77E-05,1.37E-05,1.34E-05,4.70E-05
23400000,4.28E-05,1.75E-05,1.35E-05,1.32E-05,4.65E-05
24000000,4.23E-05,1.73E-05,1.34E-05,1.31E-05,4.59E-05
24500000,4.19E-05,1.71E-05,1.32E-05,1.29E-05,4.55E-05
25100000,4.14E-05,1.69E-05,1.31E-05,1.28E-05,4.49E-05
25700000,4.09E-05,1.67E-05,1.29E-05,1.26E-05,4.44E-05
26300000,4.04E-05,1.65E-05,1.28E-05,1.25E-05,4.39E-05
26900000,3.99E-05,1.63E-05,1.26E-05,1.23E-05,4.34E-05
27500000,3.95E-05,1.61E-05,1.25E-05,1.22E-05,4.29E-05
28200000,3.90E-05,1.59E-05,1.23E-05,1.20E-05,4.24E-05
28800000,3.86E-05,1.58E-05,1.22E-05,1.19E-05,4.19E-05
29500000,3.81E-05,1.56E-05,1.21E-05,1.18E-05,4.14E-05
30200000,3.77E-05,1.54E-05,1.19E-05,1.16E-05,4.10E-05
30900000,3.73E-05,1.52E-05,1.18E-05,1.15E-05,4.05E-05
31600000,3.69E-05,1.50E-05,1.17E-05,1.14E-05,4.00E-05
32400000,3.64E-05,1.49E-05,1.15E-05,1.12E-05,3.95E-05
33100000,3.60E-05,1.47E-05,1.14E-05,1.11E-05,3.91E-05
33900000,3.56E-05,1.45E-05,1.13E-05,1.10E-05,3.87E-05
34700000,3.52E-05,1.44E-05,1.11E-05,1.09E-05,3.82E-05
35500000,3.48E-05,1.42E-05,1.10E-05,1.07E-05,3.78E-05
36300000,3.44E-05,1.40E-05,1.09E-05,1.06E-05,3.74E-05
37200000,3.40E-05,1.39E-05,1.07E-05,1.05E-05,3.69E-05
38000000,3.36E-05,1.37E-05,1.06E-05,1.04E-05,3.65E-05
38900000,3.32E-05,1.36E-05,1.05E-05,1.03E-05,3.61E-05
39800000,3.28E-05,1.34E-05,1.04E-05,1.01E-05,3.57E-05
40700000,3.25E-05,1.33E-05,1.03E-05,1.00E-05,3.53E-05
41700000,3.21E-05,1.31E-05,1.01E-05,9.90E-06,3.49E-05
42700000,3.17E-05,1.29E-05,1.00E-05,9.78E-06,3.44E-05
43700000,3.13E-05,1.28E-05,9.91E-06,9.67E-06,3.40E-05
44700000,3.10E-05,1.27E-05,9.80E-06,9.56E-06,3.37E-05
45700000,3.06E-05,1.25E-05,9.69E-06,9.46E-06,3.33E-05
46800000,3.03E-05,1.24E-05,9.58E-06,9.35E-06,3.29E-05
47900000,2.99E-05,1.22E-05,9.47E-06,9.24E-06,3.25E-05
49000000,2.96E-05,1.21E-05,9.36E-06,9.13E-06,3.21E-05
50100000,2.93E-05,1.19E-05,9.26E-06,9.03E-06,3.18E-05
51300000,2.89E-05,1.18E-05,9.15E-06,8.93E-06,3.14E-05
52500000,2.86E-05,1.17E-05,9.04E-06,8.82E-06,3.11E-05
53700000,2.83E-05,1.15E-05,8.94E-06,8.72E-06,3.07E-05
55000000,2.79E-05,1.14E-05,8.83E-06,8.62E-06,3.03E-05
56200000,2.76E-05,1.13E-05,8.74E-06,8.53E-06,3.00E-05
57500000,2.73E-05,1.12E-05,8.64E-06,8.43E-06,2.97E-05
58900000,2.70E-05,1.10E-05,8.54E-06,8.33E-06,2.93E-05
60300000,2.67E-05,1.09E-05,8.44E-06,8.23E-06,2.90E-05
61700000,2.64E-05,1.08E-05,8.34E-06,8.14E-06,2.87E-05
63100000,2.61E-05,1.06E-05,8.25E-06,8.05E-06,2.83E-05
64600000,2.58E-05,1.05E-05,8.15E-06,7.95E-06,2.80E-05
66100000,2.55E-05,1.04E-05,8.06E-06,7.86E-06,2.77E-05
67600000,2.52E-05,1.03E-05,7.97E-06,7.78E-06,2.74E-05
69200000,2.49E-05,1.02E-05,7.88E-06,7.69E-06,2.71E-05
70800000,2.46E-05,1.01E-05,7.79E-06,7.60E-06,2.67E-05
72400000,2.43E-05,9.94E-06,7.70E-06,7.51E-06,2.64E-05
74100000,2.41E-05,9.83E-06,7.61E-06,7.43E-06,2.61E-05
75900000,2.38E-05,9.71E-06,7.52E-06,7.34E-06,2.58E-05
77600000,2.35E-05,9.60E-06,7.44E-06,7.26E-06,2.55E-05
79400000,2.32E-05,9.49E-06,7.35E-06,7.18E-06,2.53E-05
81300000,2.30E-05,9.38E-06,7.27E-06,7.09E-06,2.50E-05
83200000,2.27E-05,9.27E-06,7.18E-06,7.01E-06,2.47E-05
85100000,2.25E-05,9.17E-06,7.10E-06,6.93E-06,2.44E-05
87100000,2.22E-05,9.06E-06,7.02E-06,6.85E-06,2.41E-05
89100000,2.19E-05,8.96E-06,6.94E-06,6.77E-06,2.38E-05
91200000,2.17E-05,8.86E-06,6.86E-06,6.69E-06,2.36E-05
93300000,2.14E-05,8.76E-06,6.78E-06,6.62E-06,2.33E-05
95500000,2.12E-05,8.65E-06,6.70E-06,6.54E-06,2.30E-05
97700000,2.10E-05,8.56E-06,6.63E-06,6.47E-06,2.28E-05
100000000,2.07E-05,8.46E-06,6.55E-06,6.39E-06,2.25E-05
102000000,2.05E-05,8.37E-06,6.49E-06,6.33E-06,2.23E-05
105000000,2.02E-05,8.25E-06,6.39E-06,6.24E-06,2.20E-05
107000000,2.00E-05,8.18E-06,6.33E-06,6.18E-06,2.18E-05
110000000,1.98E-05,8.06E-06,6.25E-06,6.10E-06,2.15E-05
112000000,1.96E-05,7.99E-06,6.19E-06,6.04E-06,2.13E-05
115000000,1.93E-05,7.89E-06,6.11E-06,5.96E-06,2.10E-05
117000000,1.92E-05,7.82E-06,6.06E-06,5.91E-06,2.08E-05
120000000,1.89E-05,7.72E-06,5.98E-06,5.84E-06,2.05E-05
123000000,1.87E-05,7.63E-06,5.91E-06,5.76E-06,2.03E-05
126000000,1.85E-05,7.53E-06,5.84E-06,5.70E-06,2.00E-05
129000000,1.82E-05,7.45E-06,5.77E-06,5.63E-06,1.98E-05
132000000,1.80E-05,7.36E-06,5.70E-06,5.56E-06,1.96E-05
135000000,1.78E-05,7.28E-06,5.64E-06,5.50E-06,1.94E-05
138000000,1.76E-05,7.20E-06,5.58E-06,5.44E-06,1.92E-05
141000000,1.74E-05,7.12E-06,5.52E-06,5.38E-06,1.90E-05
145000000,1.72E-05,7.02E-06,5.44E-06,5.31E-06,1.87E-05
148000000,1.70E-05,6.95E-06,5.39E-06,5.26E-06,1.85E-05
151000000,1.69E-05,6.88E-06,5.33E-06,5.20E-06,1.83E-05
155000000,1.66E-05,6.79E-06,5.26E-06,5.14E-06,1.81E-05
158000000,1.65E-05,6.73E-06,5.21E-06,5.09E-06,1.79E-05
162000000,1.63E-05,6.65E-06,5.15E-06,5.02E-06,1.77E-05
166000000,1.61E-05,6.56E-06,5.08E-06,4.96E-06,1.75E-05
170000000,1.59E-05,6.49E-06,5.02E-06,4.90E-06,1.73E-05
174000000,1.57E-05,6.41E-06,4.97E-06,4.85E-06,1.71E-05
178000000,1.55E-05,6.34E-06,4.91E-06,4.79E-06,1.69E-05
182000000,1.54E-05,6.27E-06,4.86E-06,4.74E-06,1.67E-05
186000000,1.52E-05,6.20E-06,4.80E-06,4.69E-06,1.65E-05
191000000,1.50E-05,6.12E-06,4.74E-06,4.63E-06,1.63E-05
195000000,1.48E-05,6.06E-06,4.69E-06,4.58E-06,1.61E-05
200000000,1.46E-05,5.98E-06,4.63E-06,4.52E-06,1.59E-05
204000000,1.45E-05,5.92E-06,4.59E-06,4.48E-06,1.58E-05
209000000,1.43E-05,5.85E-06,4.53E-06,4.42E-06,1.56E-05
214000000,1.42E-05,5.78E-06,4.48E-06,4.37E-06,1.54E-05
219000000,1.40E-05,5.72E-06,4.43E-06,4.32E-06,1.52E-05
224000000,1.38E-05,5.65E-06,4.38E-06,4.27E-06,1.50E-05
229000000,1.37E-05,5.59E-06,4.33E-06,4.22E-06,1.49E-05
234000000,1.35E-05,5.53E-06,4.28E-06,4.18E-06,1.47E-05
240000000,1.34E-05,5.46E-06,4.23E-06,4.13E-06,1.45E-05
245000000,1.32E-05,5.40E-06,4.19E-06,4.08E-06,1.44E-05
251000000,1.31E-05,5.34E-06,4.14E-06,4.04E-06,1.42E-05
257000000,1.29E-05,5.28E-06,4.09E-06,3.99E-06,1.40E-05
263000000,1.28E-05,5.22E-06,4.04E-06,3.94E-06,1.39E-05
269000000,1.26E-05,5.16E-06,3.99E-06,3.90E-06,1.37E-05
275000000,1.25E-05,5.10E-06,3.95E-06,3.86E-06,1.36E-05
282000000,1.23E-05,5.04E-06,3.90E-06,3.81E-06,1.34E-05
288000000,1.22E-05,4.98E-06,3.86E-06,3.77E-06,1.33E-05
295000000,1.21E-05,4.92E-06,3.81E-06,3.72E-06,1.31E-05
302000000,1.19E-05,4.87E-06,3.77E-06,3.68E-06,1.29E-05
309000000,1.18E-05,4.81E-06,3.73E-06,3.64E-06,1.28E-05
316000000,1.17E-05,4.76E-06,3.69E-06,3.60E-06,1.27E-05
324000000,1.15E-05,4.70E-06,3.64E-06,3.55E-06,1.25E-05
331000000,1.14E-05,4.65E-06,3.60E-06,3.51E-06,1.24E-05
339000000,1.13E-05,4.59E-06,3.56E-06,3.47E-06,1.22E-05
347000000,1.11E-05,4.54E-06,3.52E-06,3.43E-06,1.21E-05
355000000,1.10E-05,4.49E-06,3.48E-06,3.39E-06,1.19E-05
363000000,1.09E-05,4.44E-06,3.44E-06,3.36E-06,1.18E-05
372000000,1.07E-05,4.39E-06,3.40E-06,3.31E-06,1.17E-05
380000000,1.06E-05,4.34E-06,3.36E-06,3.28E-06,1.15E-05
389000000,1.05E-05,4.29E-06,3.32E-06,3.24E-06,1.14E-05
398000000,1.04E-05,4.24E-06,3.28E-06,3.20E-06,1.13E-05
407000000,1.03E-05,4.19E-06,3.25E-06,3.17E-06,1.12E-05
417000000,1.01E-05,4.14E-06,3.21E-06,3.13E-06,1.10E-05
427000000,1.00E-05,4.09E-06,3.17E-06,3.09E-06,1.09E-05
437000000,9.91E-06,4.05E-06,3.13E-06,3.06E-06,1.08E-05
447000000,9.80E-06,4.00E-06,3.10E-06,3.02E-06,1.06E-05
457000000,9.69E-06,3.96E-06,3.06E-06,2.99E-06,1.05E-05
468000000,9.58E-06,3.91E-06,3.03E-06,2.96E-06,1.04E-05
479000000,9.47E-06,3.86E-06,2.99E-06,2.92E-06,1.03E-05
490000000,9.36E-06,3.82E-06,2.96E-06,2.89E-06,1.02E-05
501000000,9.26E-06,3.78E-06,2.93E-06,2.86E-06,1.01E-05
513000000,9.15E-06,3.73E-06,2.89E-06,2.82E-06,9.94E-06
525000000,9.04E-06,3.69E-06,2.86E-06,2.79E-06,9.82E-06
537000000,8.94E-06,3.65E-06,2.83E-06,2.76E-06,9.71E-06
550000000,8.83E-06,3.61E-06,2.79E-06,2.73E-06,9.60E-06
562000000,8.74E-06,3.57E-06,2.76E-06,2.70E-06,9.49E-06
575000000,8.64E-06,3.53E-06,2.73E-06,2.67E-06,9.39E-06
589000000,8.54E-06,3.48E-06,2.70E-06,2.63E-06,9.27E-06
603000000,8.44E-06,3.44E-06,2.67E-06,2.60E-06,9.16E-06
617000000,8.34E-06,3.40E-06,2.64E-06,2.57E-06,9.06E-06
631000000,8.25E-06,3.37E-06,2.61E-06,2.55E-06,8.96E-06
646000000,8.15E-06,3.33E-06,2.58E-06,2.52E-06,8.85E-06
661000000,8.06E-06,3.29E-06,2.55E-06,2.49E-06,8.75E-06
676000000,7.97E-06,3.25E-06,2.52E-06,2.46E-06,8.66E-06
692000000,7.88E-06,3.22E-06,2.49E-06,2.43E-06,8.55E-06
708000000,7.79E-06,3.18E-06,2.46E-06,2.40E-06,8.46E-06
724000000,7.70E-06,3.14E-06,2.43E-06,2.38E-06,8.36E-06
741000000,7.61E-06,3.11E-06,2.41E-06,2.35E-06,8.27E-06
759000000,7.52E-06,3.07E-06,2.38E-06,2.32E-06,8.17E-06
776000000,7.44E-06,3.04E-06,2.35E-06,2.30E-06,8.08E-06
794000000,7.35E-06,3.00E-06,2.32E-06,2.27E-06,7.99E-06
813000000,7.27E-06,2.97E-06,2.30E-06,2.24E-06,7.89E-06
832000000,7.18E-06,2.93E-06,2.27E-06,2.22E-06,7.80E-06
851000000,7.10E-06,2.90E-06,2.25E-06,2.19E-06,7.71E-06
871000000,7.02E-06,2.87E-06,2.22E-06,2.17E-06,7.63E-06
891000000,6.94E-06,2.83E-06,2.19E-06,2.14E-06,7.54E-06
912000000,6.86E-06,2.80E-06,2.17E-06,2.12E-06,7.45E-06
933000000,6.78E-06,2.77E-06,2.14E-06,2.09E-06,7.37E-06
955000000,6.70E-06,2.74E-06,2.12E-06,2.07E-06,7.28E-06
977000000,6.63E-06,2.71E-06,2.10E-06,2.05E-06,7.20E-06
1000000000,6.55E-06,2.67E-06,2.07E-06,2.02E-06,7.12E-06
1020000000,6.49E-06,2.65E-06,2.05E-06,2.00E-06,7.05E-06
1050000000,6.39E-06,2.61E-06,2.02E-06,1.97E-06,6.95E-06
1070000000,6.33E-06,2.59E-06,2.00E-06,1.95E-06,6.88E-06
1100000000,6.25E-06,2.55E-06,1.98E-06,1.93E-06,6.79E-06
1120000000,6.19E-06,2.53E-06,1.96E-06,1.91E-06,6.72E-06
1150000000,6.11E-06,2.49E-06,1.93E-06,1.89E-06,6.64E-06
1170000000,6.06E-06,2.47E-06,1.92E-06,1.87E-06,6.58E-06
1200000000,5.98E-06,2.44E-06,1.89E-06,1.85E-06,6.50E-06
1230000000,5.91E-06,2.41E-06,1.87E-06,1.82E-06,6.42E-06
1260000000,5.84E-06,2.38E-06,1.85E-06,1.80E-06,6.34E-06
1290000000,5.77E-06,2.35E-06,1.82E-06,1.78E-06,6.27E-06
1320000000,5.70E-06,2.33E-06,1.80E-06,1.76E-06,6.19E-06
1350000000,5.64E-06,2.30E-06,1.78E-06,1.74E-06,6.12E-06
1380000000,5.58E-06,2.28E-06,1.76E-06,1.72E-06,6.06E-06
1410000000,5.52E-06,2.25E-06,1.74E-06,1.70E-06,5.99E-06
1450000000,5.44E-06,2.22E-06,1.72E-06,1.68E-06,5.91E-06
1480000000,5.39E-06,2.20E-06,1.70E-06,1.66E-06,5.85E-06
1510000000,5.33E-06,2.18E-06,1.69E-06,1.65E-06,5.79E-06
1550000000,5.26E-06,2.15E-06,1.66E-06,1.62E-06,5.72E-06
1580000000,5.21E-06,2.13E-06,1.65E-06,1.61E-06,5.66E-06
1620000000,5.15E-06,2.10E-06,1.63E-06,1.59E-06,5.59E-06
1660000000,5.08E-06,2.08E-06,1.61E-06,1.57E-06,5.52E-06
1700000000,5.02E-06,2.05E-06,1.59E-06,1.55E-06,5.46E-06
1740000000,4.97E-06,2.03E-06,1.57E-06,1.53E-06,5.40E-06
1780000000,4.91E-06,2.00E-06,1.55E-06,1.52E-06,5.33E-06
1820000000,4.86E-06,1.98E-06,1.54E-06,1.50E-06,5.28E-06
1860000000,4.80E-06,1.96E-06,1.52E-06,1.48E-06,5.22E-06
1910000000,4.74E-06,1.94E-06,1.50E-06,1.46E-06,5.15E-06
1950000000,4.69E-06,1.92E-06,1.48E-06,1.45E-06,5.10E-06
2000000000,4.63E-06,1.89E-06,1.46E-06,1.43E-06,5.03E-06
2040000000,4.59E-06,1.87E-06,1.45E-06,1.42E-06,4.98E-06
2090000000,4.53E-06,1.85E-06,1.43E-06,1.40E-06,4.92E-06
2140000000,4.48E-06,1.83E-06,1.42E-06,1.38E-06,4.86E-06
2190000000,4.43E-06,1.81E-06,1.40E-06,1.37E-06,4.81E-06
2240000000,4.38E-06,1.79E-06,1.38E-06,1.35E-06,4.75E-06
2290000000,4.33E-06,1.77E-06,1.37E-06,1.34E-06,4.70E-06
2340000000,4.28E-06,1.75E-06,1.35E-06,1.32E-06,4.65E-06
2400000000,4.23E-06,1.73E-06,1.34E-06,1.31E-06,4.59E-06
2450000000,4.19E-06,1.71E-06,1.32E-06,1.29E-06,4.55E-06
2510000000,4.14E-06,1.69E-06,1.31E-06,1.28E-06,4.49E-06
2570000000,4.09E-06,1.67E-06,1.29E-06,1.26E-06,4.44E-06
2630000000,4.04E-06,1.65E-06,1.28E-06,1.25E-06,4.39E-06
2690000000,3.99E-06,1.63E-06,1.26E-06,1.23E-06,4.34E-06
2750000000,3.95E-06,1.61E-06,1.25E-06,1.22E-06,4.29E-06
2820000000,3.90E-06,1.59E-06,1.23E-06,1.20E-06,4.24E-06
2880000000,3.86E-06,1.58E-06,1.22E-06,1.19E-06,4.19E-06
2950000000,3.81E-06,1.56E-06,1.21E-06,1.18E-06,4.14E-06
3020000000,3.77E-06,1.54E-06,1.19E-06,1.16E-06,4.10E-06
3090000000,3.73E-06,1.52E-06,1.18E-06,1.15E-06,4.05E-06
3160000000,3.69E-06,1.50E-06,1.17E-06,1.14E-06,4.00E-06
3240000000,3.64E-06,1.49E-06,1.15E-06,1.12E-06,3.95E-06
3310000000,3.60E-06,1.47E-06,1.14E-06,1.11E-06,3.91E-06
3390000000,3.56E-06,1.45E-06,1.13E-06,1.10E-06,3.87E-06
3470000000,3.52E-06,1.44E-06,1.11E-06,1.09E-06,3.82E-06
3550000000,3.48E-06,1.42E-06,1.10E-06,1.07E-06,3.78E-06
3630000000,3.44E-06,1.40E-06,1.09E-06,1.06E-06,3.74E-06
3720000000,3.40E-06,1.39E-06,1.07E-06,1.05E-06,3.69E-06
3800000000,3.36E-06,1.37E-06,1.06E-06,1.04E-06,3.65E-06
3890000000,3.32E-06,1.36E-06,1.05E-06,1.03E-06,3.61E-06
3980000000,3.28E-06,1.34E-06,1.04E-06,1.01E-06,3.57E-06
4070000000,3.25E-06,1.33E-06,1.03E-06,1.00E-06,3.53E-06
4170000000,3.21E-06,1.31E-06,1.01E-06,9.90E-07,3.49E-06
4270000000,3.17E-06,1.29E-06,1.00E-06,9.78E-07,3.44E-06
4370000000,3.13E-06,1.28E-06,9.91E-07,9.67E-07,3.40E-06
4470000000,3.10E-06,1.27E-06,9.80E-07,9.56E-07,3.37E-06
4570000000,3.06E-06,1.25E-06,9.69E-07,9.46E-07,3.33E-06
4680000000,3.03E-06,1.24E-06,9.58E-07,9.35E-07,3.29E-06
4790000000,2.99E-06,1.22E-06,9.47E-07,9.24E-07,3.25E-06
4900000000,2.96E-06,1.21E-06,9.36E-07,9.13E-07,3.21E-06
5010000000,2.93E-06,1.19E-06,9.26E-07,9.03E-07,3.18E-06
5130000000,2.89E-06,1.18E-06,9.15E-07,8.93E-07,3.14E-06
5250000000,2.86E-06,1.17E-06,9.04E-07,8.82E-07,3.11E-06
5370000000,2.83E-06,1.15E-06,8.94E-07,8.72E-07,3.07E-06
5500000000,2.79E-06,1.14E-06,8.83E-07,8.62E-07,3.03E-06
5620000000,2.76E-06,1.13E-06,8.74E-07,8.53E-07,3.00E-06
5750000000,2.73E-06,1.12E-06,8.64E-07,8.43E-07,2.97E-06
5890000000,2.70E-06,1.10E-06,8.54E-07,8.33E-07,2.93E-06
6030000000,2.67E-06,1.09E-06,8.44E-07,8.23E-07,2.90E-06
6170000000,2.64E-06,1.08E-06,8.34E-07,8.14E-07,2.87E-06
6310000000,2.61E-06,1.06E-06,8.25E-07,8.05E-07,2.83E-06
6460000000,2.58E-06,1.05E-06,8.15E-07,7.95E-07,2.80E-06
6610000000,2.55E-06,1.04E-06,8.06E-07,7.86E-07,2.77E-06
6760000000,2.52E-06,1.03E-06,7.97E-07,7.78E-07,2.74E-06
6920000000,2.49E-06,1.02E-06,7.88E-07,7.69E-07,2.71E-06
7080000000,2.46E-06,1.01E-06,7.79E-07,7.60E-07,2.67E-06
7240000000,2.43E-06,9.94E-07,7.70E-07,7.51E-07,2.64E-06
7410000000,2.41E-06,9.83E-07,7.61E-07,7.43E-07,2.61E-06
7590000000,2.38E-06,9.71E-07,7.52E-07,7.34E-07,2.58E-06
7760000000,2.35E-06,9.60E-07,7.44E-07,7.26E-07,2.55E-06
7940000000,2.32E-06,9.49E-07,7.35E-07,7.18E-07,2.53E-06
8130000000,2.30E-06,9.38E-07,7.27E-07,7.09E-07,2.50E-06
8320000000,2.27E-06,9.27E-07,7.18E-07,7.01E-07,2.47E-06
8510000000,2.25E-06,9.17E-07,7.10E-07,6.93E-07,2.44E-06
8710000000,2.22E-06,9.06E-07,7.02E-07,6.85E-07,2.41E-06
8910000000,2.19E-06,8.96E-07,6.94E-07,6.77E-07,2.38E-06
9120000000,2.17E-06,8.86E-07,6.86E-07,6.69E-07,2.36E-06
9330000000,2.14E-06,8.76E-07,6.78E-07,6.62E-07,2.33E-06
9550000000,2.12E-06,8.65E-07,6.70E-07,6.54E-07,2.30E-06
9770000000,2.10E-06,8.56E-07,6.63E-07,6.47E-07,2.28E-06
10000000000,2.07E-06,8.46E-07,6.55E-07,6.39E-07,2.25E-06
