freq[Hz]:,iron_t0.2,iron_t2,aluminum_t0.2,aluminum_t2,copper_t0.2,copper_t2,ag_t0.2,ag_t2,graphite_t0.2,graphite_t2
1000000,8.385189535,83.85189535,20.53943576,205.3943576,26.51629754,265.1629754,27.17111954,271.7111954,7.719192652,77.19192652
1020000,8.468626312,84.68626312,20.74381329,207.4381329,26.7801478,267.801478,27.4414856,274.414856,7.796002431,77.96002431
1050000,8.592262433,85.92262433,21.0466587,210.466587,27.17111954,271.7111954,27.84211242,278.4211242,7.909818706,79.09818706
1070000,8.673707499,86.73707499,21.24615755,212.4615755,27.42867146,274.2867146,28.1060246,281.060246,7.984794967,79.84794967
1100000,8.794460978,87.94460978,21.54194196,215.4194196,27.81052748,278.1052748,28.49731059,284.9731059,8.095957554,80.95957554
1120000,8.874050482,88.74050482,21.73689563,217.3689563,28.06221159,280.6221159,28.75521006,287.5521006,8.169225632,81.69225632
1150000,8.992113993,89.92113993,22.02609099,220.2609099,28.4355612,284.355612,29.13777956,291.3777956,8.277911903,82.77911903
1170000,9.069969247,90.69969247,22.21679664,222.1679664,28.68176113,286.8176113,29.39005942,293.9005942,8.349583474,83.49583474
1200000,9.185514914,91.85514914,22.49982456,224.9982456,29.04714861,290.4714861,29.76447017,297.6447017,8.455951883,84.55951883
1230000,9.299625065,92.99625065,22.77933621,227.7933621,29.40799659,294.0799659,30.13422932,301.3422932,8.560998791,85.60998791
1260000,9.412351909,94.12351909,23.05545946,230.5545946,29.76447017,297.6447017,30.49950604,304.9950604,8.664772262,86.64772262
1290000,9.523744566,95.23744566,23.32831463,233.2831463,30.11672468,301.1672468,30.86045951,308.6045951,8.767317515,87.67317515
1320000,9.633849317,96.33849317,23.59801509,235.9801509,30.46490648,304.6490648,31.21723968,312.1723968,8.868677154,88.68677154
1350000,9.742709827,97.42709827,23.86466779,238.6466779,30.80915364,308.0915364,31.56998804,315.6998804,8.968891376,89.68891376
1380000,9.850367347,98.50367347,24.12837378,241.2837378,31.14959661,311.4959661,31.91883828,319.1883828,9.067998157,90.67998157
1410000,9.9568609,99.568609,24.38922865,243.8922865,31.48635879,314.8635879,32.26391683,322.6391683,9.166033419,91.66033419
1450000,10.09710528,100.9710528,24.73275583,247.3275583,31.92985047,319.2985047,32.71836058,327.1836058,9.295138839,92.95138839
1480000,10.20102334,102.0102334,24.98730204,249.8730204,32.25846823,322.5846823,33.05509357,330.5509357,9.390803166,93.90803166
1510000,10.30389341,103.0389341,25.23928121,252.3928121,32.58377193,325.8377193,33.38843068,333.8843068,9.485502736,94.85502736
1550000,10.43947678,104.3947678,25.5713913,255.713913,33.01252421,330.1252421,33.82777103,338.2777103,9.61031735,96.1031735
1580000,10.54001981,105.4001981,25.81767041,258.1767041,33.33046918,333.3046918,34.15356767,341.5356767,9.702874709,97.02874709
1620000,10.67260389,106.7260389,26.14243375,261.4243375,33.74973685,337.4973685,34.58318918,345.8318918,9.824928245,98.24928245
1660000,10.80356098,108.0356098,26.46321181,264.6321181,34.16385954,341.6385954,35.00753867,350.0753867,9.945484022,99.45484022
1700000,10.93294956,109.3294956,26.7801478,267.801478,34.57302214,345.7302214,35.42680557,354.2680557,10.06459586,100.6459586
1740000,11.06082466,110.6082466,27.09337655,270.9337655,34.97739872,349.7739872,35.84116826,358.4116826,10.18231443,101.8231443
1780000,11.18723819,111.8723819,27.40302519,274.0302519,35.3771534,353.771534,36.25079492,362.5079492,10.29868752,102.9868752
1820000,11.31223914,113.1223914,27.70921375,277.0921375,35.77244113,357.7244113,36.6558443,366.558443,10.41376023,104.1376023
1860000,11.43587384,114.3587384,28.01205568,280.1205568,36.16340838,361.6340838,37.05646652,370.5646652,10.52757519,105.2757519
1910000,11.5885625,115.885625,28.38606497,283.8606497,36.6462523,366.462523,37.55123431,375.5123431,10.66813649,106.6813649
1950000,11.70927995,117.0927995,28.68176113,286.8176113,37.0279944,370.279944,37.94240355,379.4240355,10.77926591,107.7926591
2000000,11.85844876,118.5844876,29.04714861,290.4714861,37.49970761,374.9970761,38.42576576,384.2576576,10.91658694,109.1658694
2040000,11.97644618,119.7644618,29.33618208,293.3618208,37.87284822,378.7284822,38.80812111,388.0812111,11.02521237,110.2521237
2090000,12.12232789,121.2232789,29.69351782,296.9351782,38.33416666,383.3416666,39.28083185,392.8083185,11.15950736,111.5950736
2140000,12.26647478,122.6647478,30.04660416,300.4660416,38.78999917,387.8999917,39.74792117,397.4792117,11.29220533,112.9220533
2190000,12.40894733,124.0894733,30.39558919,303.9558919,39.24053692,392.4053692,40.20958498,402.0958498,11.42336194,114.2336194
2240000,12.54980255,125.4980255,30.74061261,307.4061261,39.68596023,396.8596023,40.66600806,406.6600806,11.55302968,115.5302968
2290000,12.6890943,126.890943,31.08180633,310.8180633,40.12643943,401.2643943,41.11736492,411.1736492,11.68125813,116.8125813
2340000,12.82687352,128.2687352,31.41929512,314.1929512,40.56213558,405.6213558,41.56382062,415.6382062,11.80809419,118.0809419
2400000,12.99027977,129.9027977,31.81955705,318.1955705,41.07887151,410.7887151,42.09331739,420.9331739,11.95852184,119.5852184
2450000,13.12489766,131.2489766,32.1493022,321.493022,41.50457067,415.0457067,42.52952922,425.2952922,12.08244765,120.8244765
2510000,13.28463861,132.8463861,32.540586,325.40586,42.00971588,420.0971588,43.04714904,430.4714904,12.22950111,122.2950111
2570000,13.44248143,134.4248143,32.92722039,329.2722039,42.50885873,425.0885873,43.55861826,435.5861826,12.37480721,123.7480721
2630000,13.59849224,135.9849224,33.30936727,333.0936727,43.00220823,430.0220823,44.06415106,440.6415106,12.5184268,125.184268
2690000,13.75273338,137.5273338,33.68717936,336.8717936,43.48996154,434.8996154,44.56394948,445.6394948,12.66041728,126.6041728
2750000,13.90526374,139.0526374,34.06080091,340.6080091,43.97230489,439.7230489,45.05820433,450.5820433,12.80083286,128.0083286
2820000,14.08112772,140.8112772,34.49157793,344.9157793,44.52843563,445.2843563,45.62806876,456.2806876,12.96272877,129.6272877
2880000,14.23013852,142.3013852,34.85657833,348.5657833,44.99964913,449.9964913,46.11091891,461.1091891,13.09990433,130.9990433
2950000,14.40203598,144.0203598,35.27763941,352.7763941,45.54323665,455.4323665,46.66793036,466.6793036,13.25814877,132.5814877
3020000,14.5719058,145.719058,35.69373379,356.9373379,46.08041218,460.8041218,47.21837149,472.1837149,13.41452661,134.1452661
3090000,14.73981808,147.3981808,36.10503319,361.0503319,46.61139742,466.1139742,47.76246945,477.6246945,13.56910239,135.6910239
3160000,14.90583896,149.0583896,36.51169965,365.1169965,47.13640156,471.3640156,48.3004386,483.004386,13.72193701,137.2193701
3240000,15.09334116,150.9334116,36.97098436,369.7098436,47.72933558,477.2933558,48.90801517,489.0801517,13.89454677,138.9454677
3310000,15.25551526,152.5551526,37.36822814,373.6822814,48.24217509,482.4217509,49.43351929,494.3351929,14.04384013,140.4384013
3390000,15.43877126,154.3877126,37.81711184,378.1711184,48.82168145,488.2168145,50.02733662,500.2733662,14.21254095,142.1254095
3470000,15.61987741,156.1987741,38.2607295,382.607295,49.39438938,493.9438938,50.61418761,506.1418761,14.37926268,143.7926268
3550000,15.79890764,157.9890764,38.69926221,386.9926221,49.96053268,499.6053268,51.19431186,511.9431186,14.54407336,145.4407336
3630000,15.97593174,159.7593174,39.13288092,391.3288092,50.52033203,505.2033203,51.7679355,517.679355,14.70703725,147.0703725
3720000,16.17276789,161.7276789,39.61502905,396.1502905,51.14278259,511.4278259,52.40575753,524.0575753,14.88823962,148.8823962
3800000,16.34574359,163.4574359,40.03873126,400.3873126,51.68977979,516.8977979,52.96626286,529.6626286,15.04747666,150.4747666
3890000,16.53817885,165.3817885,40.51009946,405.1009946,52.29831352,522.9831352,53.58982438,535.8982438,15.22462768,152.2462768
3980000,16.72840058,167.2840058,40.97604564,409.7604564,52.89984745,528.9984745,54.20621324,542.0621324,15.39974097,153.9974097
4070000,16.91648345,169.1648345,41.4367527,414.367527,53.49461771,534.9461771,54.81567139,548.1567139,15.57288529,155.7288529
4170000,17.12304157,171.2304157,41.9427147,419.427147,54.14781184,541.4781184,55.4849962,554.849962,15.76303745,157.6303745
4270000,17.32713748,173.2713748,42.44264552,424.4264552,54.79321975,547.9321975,56.14634251,561.4634251,15.95092296,159.5092296
4370000,17.52885716,175.2885716,42.93675582,429.3675582,55.43111342,554.3111342,56.79998901,567.9998901,16.13662099,161.3662099
4470000,17.72828175,177.2828175,43.4252443,434.252443,56.06174933,560.6174933,57.44619852,574.4619852,16.3202062,163.202062
4570000,17.92548784,179.2548784,43.90829859,439.0829859,56.68536973,566.8536973,58.08521928,580.8521928,16.50174912,165.0174912
4680000,18.13993849,181.3993849,44.43359327,444.3359327,57.36352225,573.6352225,58.78011883,587.8011883,16.69916695,166.9916695
4790000,18.35188336,183.5188336,44.95275006,449.5275006,58.03375078,580.3375078,59.4668987,594.668987,16.89427801,168.9427801
4900000,18.56140828,185.6140828,45.46597919,454.6597919,58.69632674,586.9632674,60.14583703,601.4583703,17.08716133,170.8716133
5010000,18.76859429,187.6859429,45.97347921,459.7347921,59.35150644,593.5150644,60.81719644,608.1719644,17.27789152,172.7789152
5130000,18.99203781,189.9203781,46.52080181,465.2080181,60.05809688,600.5809688,61.54123619,615.4123619,17.48358795,174.8358795
5250000,19.21288288,192.1288288,47.06175954,470.6175954,60.75647032,607.5647032,62.25685601,622.5685601,17.68689232,176.8689232
5370000,19.4312181,194.312181,47.59656943,475.9656943,61.44690692,614.4690692,62.96434299,629.6434299,17.88788618,178.8788618
5500000,19.66501257,196.6501257,48.16924659,481.6924659,62.18622994,621.8622994,63.72192365,637.2192365,18.10311143,181.0311143
5620000,19.87838243,198.7838243,48.69189386,486.9189386,62.86096467,628.6096467,64.413321,644.13321,18.29953431,182.9953431
5750000,20.10697815,201.0697815,49.25183674,492.5183674,63.58384782,635.8384782,65.15405581,651.5405581,18.50997373,185.0997373
5890000,20.35028665,203.5028665,49.84781842,498.4781842,64.35325686,643.5325686,65.94246547,659.4246547,18.73395736,187.3395736
6030000,20.59072032,205.9072032,50.43675822,504.3675822,65.11357488,651.1357488,66.7215596,667.215596,18.95529449,189.5529449
6170000,20.82837871,208.2837871,51.01890002,510.1890002,65.8651167,658.651167,67.4916608,674.916608,19.17407678,191.7407678
6310000,21.06335577,210.6335577,51.59447391,515.9447391,66.6081794,666.081794,68.25307349,682.5307349,19.39039069,193.9039069
6460000,21.31224218,213.1224218,52.20411862,522.0411862,67.39522734,673.9522734,69.05955764,690.5955764,19.6195092,196.195092
6610000,21.55825543,215.5825543,52.80672556,528.0672556,68.17318955,681.7318955,69.85673169,698.5673169,19.84598276,198.4598276
6760000,21.80149279,218.0149279,53.40253297,534.0253297,68.94237361,689.4237361,70.64491081,706.4491081,20.0699009,200.699009
6920000,22.05798976,220.5798976,54.03081968,540.3081968,69.75348826,697.5348826,71.476056,714.76056,20.3060255,203.060255
7080000,22.3115382,223.115382,54.65188398,546.5188398,70.55527883,705.5527883,72.29764684,722.9764684,20.53943576,205.3943576
7240000,22.56223751,225.6223751,55.26596936,552.6596936,71.34805965,713.4805965,73.11000545,731.1000545,20.77022318,207.7022318
7410000,22.82558872,228.2558872,55.91104543,559.1104543,72.18084927,721.8084927,73.96336088,739.6336088,21.01265761,210.1265761
7590000,23.10115912,231.0115912,56.58605232,565.8605232,73.05227942,730.5227942,74.85631105,748.5631105,21.26634073,212.6634073
7760000,23.35843512,233.5843512,57.21624724,572.1624724,73.86585757,738.6585757,75.68998058,756.8998058,21.50318249,215.0318249
7940000,23.62779177,236.2779177,57.87603359,578.7603359,74.71763808,747.1763808,76.56279588,765.6279588,21.75114538,217.5114538
8130000,23.90882077,239.0882077,58.56441124,585.6441124,75.60632981,756.0632981,77.47343392,774.7343392,22.00985355,220.0985355
8320000,24.18658466,241.8658466,59.24479103,592.4479103,76.48469634,764.8469634,78.37349177,783.7349177,22.26555593,222.6555593
8510000,24.46119466,244.6119466,59.91744541,599.1744541,77.35308941,773.5308941,79.26332988,792.6332988,22.51835493,225.1835493
8710000,24.74696597,247.4696597,60.61743931,606.1743931,78.25677765,782.5677765,80.18933477,801.8933477,22.78142874,227.8142874
8910000,25.02947473,250.2947473,61.30944163,613.0944163,79.1501488,791.501488,81.10476779,811.0476779,23.04149914,230.4149914
9120000,25.32271708,253.2271708,62.02773574,620.2773574,80.07746251,800.7746251,82.05498158,820.5498158,23.3114506,233.114506
9330000,25.61260227,256.1260227,62.73780654,627.3780654,80.99415997,809.9415997,82.99431696,829.9431696,23.57831155,235.7831155
9550000,25.91281351,259.1281351,63.47317089,634.7317089,81.94351126,819.4351126,83.96711255,839.6711255,23.85467839,238.5467839
9770000,26.20958627,262.0958627,64.20011274,642.0011274,82.88198915,828.8198915,84.92876622,849.2876622,24.12787987,241.2787987
10000000,26.51629754,265.1629754,64.95139885,649.5139885,83.85189535,838.5189535,85.92262433,859.2262433,24.41023048,244.1023048
10200000,26.7801478,267.801478,65.59769734,655.9769734,84.68626312,846.8626312,86.77759687,867.7759687,24.65312433,246.5312433
10500000,27.17111954,271.7111954,66.55537862,665.5537862,85.92262433,859.2262433,88.04449012,880.4449012,25.01304299,250.1304299
10700000,27.42867146,274.2867146,67.18624939,671.8624939,86.73707499,867.3707499,88.8790537,888.790537,25.25013874,252.5013874
11000000,27.81052748,278.1052748,68.12160181,681.2160181,87.94460978,879.4460978,90.11640865,901.1640865,25.60166571,256.0166571
11200000,28.06221159,280.6221159,68.73809946,687.3809946,88.74050482,887.4050482,90.93195839,909.3195839,25.83335972,258.3335972
11500000,28.4355612,284.355612,69.65261549,696.5261549,89.92113993,899.2113993,92.14174937,921.4174937,26.17705588,261.7705588
11700000,28.68176113,286.8176113,70.25567969,702.5567969,90.69969247,906.9969247,92.93952832,929.3952832,26.40370129,264.0370129
12000000,29.04714861,290.4714861,71.15069258,711.5069258,91.85514914,918.5514914,94.12351909,941.2351909,26.74006773,267.4006773
12300000,29.40799659,294.0799659,72.034586,720.34586,92.99625065,929.9625065,95.29280018,952.9280018,27.07225522,270.7225522
12600000,29.76447017,297.6447017,72.90776438,729.0776438,94.12351909,941.2351909,96.4479066,964.479066,27.40041575,274.0041575
12900000,30.11672468,301.1672468,73.7706082,737.706082,95.23744566,952.3744566,97.58934168,975.8934168,27.72469232,277.2469232
13200000,30.46490648,304.6490648,74.62347593,746.2347593,96.33849317,963.3849317,98.71757964,987.1757964,28.04521964,280.4521964
13500000,30.80915364,308.0915364,75.46670581,754.6670581,97.42709827,974.2709827,99.83306792,998.3306792,28.36212484,283.6212484
13800000,31.14959661,311.4959661,76.30061738,763.0061738,98.50367347,985.0367347,100.9362292,1009.362292,28.67552799,286.7552799
14100000,31.48635879,314.8635879,77.12551289,771.2551289,99.568609,995.68609,102.0274634,1020.274634,28.98554271,289.8554271
14500000,31.92985047,319.2985047,78.21184122,782.1184122,100.9710528,1009.710528,103.4645407,1034.645407,29.3938099,293.938099
14800000,32.25846823,322.5846823,79.01678704,790.1678704,102.0102334,1020.102334,104.529384,1045.29384,29.69632706,296.9632706
15100000,32.58377193,325.8377193,79.81361513,798.1361513,103.0389341,1030.389341,105.5834884,1055.834884,29.9957934,299.957934
15500000,33.01252421,330.1252421,80.86383944,808.6383944,104.3947678,1043.947678,106.9728046,1069.728046,30.39049186,303.9049186
15800000,33.33046918,333.3046918,81.64264238,816.4264238,105.4001981,1054.001981,108.0030641,1080.030641,30.68318393,306.8318393
16200000,33.74973685,337.4973685,82.66963423,826.6963423,106.7260389,1067.260389,109.3616466,1093.616466,31.0691511,310.691511
16600000,34.16385954,341.6385954,83.68402352,836.8402352,108.0356098,1080.356098,110.7035575,1107.035575,31.45038194,314.5038194
17000000,34.57302214,345.7302214,84.68626312,846.8626312,109.3294956,1093.294956,112.0293958,1120.293958,31.82704665,318.2704665
17400000,34.97739872,349.7739872,85.6767794,856.767794,110.6082466,1106.082466,113.3397257,1133.397257,32.19930547,321.9930547
17800000,35.3771534,353.771534,86.65597439,866.5597439,111.8723819,1118.723819,114.6350789,1146.350789,32.56730948,325.6730948
18200000,35.77244113,357.7244113,87.62422762,876.2422762,113.1223914,1131.223914,115.9159576,1159.159576,32.93120132,329.3120132
18600000,36.16340838,361.6340838,88.58189789,885.8189789,114.3587384,1143.587384,117.1828362,1171.828362,33.29111585,332.9111585
19100000,36.6462523,366.462523,89.76461912,897.6461912,115.885625,1158.85625,118.7474294,1187.474294,33.73560971,337.3560971
19500000,37.0279944,370.279944,90.69969247,906.9969247,117.0927995,1170.927995,119.9844151,1199.844151,34.08703179,340.8703179
20000000,37.49970761,374.9970761,91.85514914,918.5514914,118.5844876,1185.844876,121.5129406,1215.129406,34.521279,345.21279
20400000,37.87284822,378.7284822,92.76915324,927.6915324,119.7644618,1197.644618,122.7220544,1227.220544,34.86478278,348.6478278
20900000,38.33416666,383.3416666,93.89914804,938.9914804,121.2232789,1212.232789,124.216897,1242.16897,35.28946083,352.8946083
21400000,38.78999917,387.8999917,95.01570509,950.1570509,122.6647478,1226.647478,125.6939632,1256.939632,35.70908866,357.0908866
21900000,39.24053692,392.4053692,96.11929268,961.1929268,124.0894733,1240.894733,127.1538723,1271.538723,36.12384228,361.2384228
22400000,39.68596023,396.8596023,97.21035251,972.1035251,125.4980255,1254.980255,128.5972088,1285.972088,36.53388767,365.3388767
22900000,40.12643943,401.2643943,98.28930179,982.8930179,126.890943,1268.90943,130.0245245,1300.245245,36.93938164,369.3938164
23400000,40.56213558,405.6213558,99.35653505,993.5653505,128.2687352,1282.687352,131.4363414,1314.363414,37.34047246,373.4047246
24000000,41.07887151,410.7887151,100.6222744,1006.222744,129.9027977,1299.027977,133.1107572,1331.107572,37.81616645,378.1616645
24500000,41.50457067,415.0457067,101.6650201,1016.650201,131.2489766,1312.489766,134.4901802,1344.901802,38.20805429,382.0805429
25100000,42.00971588,420.0971588,102.9023682,1029.023682,132.8463861,1328.463861,136.1270377,1361.270377,38.67307815,386.7307815
25700000,42.50885873,425.0885873,104.1250134,1041.250134,134.4248143,1344.248143,137.7444454,1377.444454,39.13257639,391.3257639
26300000,43.00220823,430.0220823,105.333468,1053.33468,135.9849224,1359.849224,139.3430805,1393.430805,39.58674141,395.8674141
26900000,43.48996154,434.8996154,106.5282147,1065.282147,137.5273338,1375.273338,140.9235819,1409.235819,40.03575473,400.3575473
27500000,43.97230489,439.7230489,107.7097098,1077.097098,139.0526374,1390.526374,142.4865529,1424.865529,40.47978777,404.7978777
28200000,44.52843563,445.2843563,109.0719463,1090.719463,140.8112772,1408.112772,144.2886225,1442.886225,40.99174762,409.9174762
28800000,44.99964913,449.9964913,110.226179,1102.26179,142.3013852,1423.013852,145.8155288,1458.155288,41.4255348,414.255348
29500000,45.54323665,455.4323665,111.557691,1115.57691,144.0203598,1440.203598,147.5769536,1475.769536,41.92594767,419.2594767
30200000,46.08041218,460.8041218,112.873497,1128.73497,145.719058,1457.19058,149.3176013,1493.176013,42.42045784,424.2045784
30900000,46.61139742,466.1139742,114.1741399,1141.741399,147.3981808,1473.981808,151.0381901,1510.381901,42.90926937,429.0926937
31600000,47.13640156,471.3640156,115.4601321,1154.601321,149.0583896,1490.583896,152.739398,1527.39398,43.39257485,433.9257485
32400000,47.72933558,477.2933558,116.9125179,1169.125179,150.9334116,1509.334116,154.6607238,1546.607238,43.93841486,439.3841486
33100000,48.24217509,482.4217509,118.168713,1181.68713,152.5551526,1525.551526,156.3225137,1563.225137,44.4105219,444.105219
33900000,48.82168145,488.2168145,119.5882079,1195.882079,154.3877126,1543.877126,158.200329,1582.00329,44.94400075,449.4400075
34700000,49.39438938,493.9438938,120.9910501,1209.910501,156.1987741,1561.987741,160.0561148,1600.561148,45.47122113,454.7122113
35500000,49.96053268,499.6053268,122.3778123,1223.778123,157.9890764,1579.890764,161.8906287,1618.906287,45.99239828,459.9239828
36300000,50.52033203,505.2033203,123.7490351,1237.490351,159.7593174,1597.593174,163.7045859,1637.045859,46.50773535,465.0773535
37200000,51.14278259,511.4278259,125.2737214,1252.737214,161.7276789,1617.276789,165.7215563,1657.215563,47.08074755,470.8074755
38000000,51.68977979,516.8977979,126.6135854,1266.135854,163.4574359,1634.574359,167.4940298,1674.940298,47.58429928,475.8429928
38900000,52.29831352,522.9831352,128.1041825,1281.041825,165.3817885,1653.817885,169.4659045,1694.659045,48.14449999,481.4449999
39800000,52.89984745,528.9984745,129.5776337,1295.776337,167.2840058,1672.840058,171.4150972,1714.150972,48.69825686,486.9825686
40700000,53.49461771,534.9461771,131.0345174,1310.345174,169.1648345,1691.648345,173.3423731,1733.423731,49.24578726,492.4578726
41700000,54.14781184,541.4781184,132.6345097,1326.345097,171.2304157,1712.304157,175.458964,1754.58964,49.8471012,498.471012
42700000,54.79321975,547.9321975,134.2154298,1342.154298,173.2713748,1732.713748,177.5503246,1775.503246,50.44124734,504.4124734
43700000,55.43111342,554.3111342,135.7779437,1357.779437,175.2885716,1752.885716,179.6173363,1796.173363,51.02847605,510.2847605
44700000,56.06174933,560.6174933,137.3226799,1373.226799,177.2828175,1772.828175,181.6608303,1816.608303,51.60902347,516.0902347
45700000,56.68536973,566.8536973,138.8502317,1388.502317,179.2548784,1792.548784,183.6815913,1836.815913,52.18311258,521.8311258
46800000,57.36352225,573.6352225,140.5113594,1405.113594,181.3993849,1813.993849,185.8790566,1858.790566,52.80740258,528.0740258
47900000,58.03375078,580.3375078,142.1530773,1421.530773,183.5188336,1835.188336,188.0508453,1880.508453,53.42439795,534.2439795
49000000,58.69632674,586.9632674,143.7760503,1437.760503,185.6140828,1856.140828,190.1978368,1901.978368,54.03434856,540.3434856
50100000,59.35150644,593.5150644,145.3809063,1453.809063,187.6859429,1876.859429,192.3208617,1923.208617,54.63749037,546.3749037
51300000,60.05809688,600.5809688,147.1116923,1471.116923,189.9203781,1899.203781,194.6104764,1946.104764,55.28795959,552.8795959
52500000,60.75647032,607.5647032,148.8223509,1488.223509,192.1288288,1921.288288,196.8734649,1968.734649,55.93086445,559.3086445
53700000,61.44690692,614.4690692,150.5135682,1505.135682,194.312181,1943.12181,199.1107352,1991.107352,56.56646286,565.6646286
55000000,62.18622994,621.8622994,152.3245324,1523.245324,196.6501257,1966.501257,201.5064156,2015.064156,57.24706487,572.4706487
56200000,62.86096467,628.6096467,153.9772882,1539.772882,198.7838243,1987.838243,203.692806,2036.92806,57.86820853,578.6820853
57500000,63.58384782,635.8384782,155.747983,1557.47983,201.0697815,2010.697815,206.0352152,2060.352152,58.53367641,585.3367641
58900000,64.35325686,643.5325686,157.6326426,1576.326426,203.5028665,2035.028665,208.5283854,2085.283854,59.24197484,592.4197484
60300000,65.11357488,651.1357488,159.4950338,1594.950338,205.9072032,2059.072032,210.9920974,2109.920974,59.94190431,599.4190431
61700000,65.8651167,658.651167,161.3359278,1613.359278,208.2837871,2082.837871,213.4273712,2134.273712,60.63375464,606.3375464
63100000,66.6081794,666.081794,163.1560522,1631.560522,210.6335577,2106.335577,215.8351695,2158.351695,61.3177993,613.177993
64600000,67.39522734,673.9522734,165.0839181,1650.839181,213.1224218,2131.224218,218.3854964,2183.854964,62.04233566,620.4233566
66100000,68.17318955,681.7318955,166.9895285,1669.895285,215.5825543,2155.825543,220.906382,2209.06382,62.75850792,627.5850792
67600000,68.94237361,689.4237361,168.873637,1688.73637,218.0149279,2180.149279,223.3988232,2233.988232,63.46659924,634.6659924
69200000,69.75348826,697.5348826,170.860454,1708.60454,220.5798976,2205.798976,226.0271351,2260.271351,64.2132908,642.132908
70800000,70.55527883,705.5527883,172.8244318,1728.244318,223.115382,2231.15382,228.6252335,2286.252335,64.95139885,649.5139885
72400000,71.34805965,713.4805965,174.7663403,1747.663403,225.6223751,2256.223751,231.194137,2311.94137,65.68121275,656.8121275
74100000,72.18084927,721.8084927,176.8062499,1768.062499,228.2558872,2282.558872,233.8926838,2338.926838,66.44785774,664.4785774
75900000,73.05227942,730.5227942,178.9408091,1789.408091,231.0115912,2310.115912,236.7164402,2367.164402,67.25007421,672.5007421
77600000,73.86585757,738.6585757,180.9336605,1809.336605,233.5843512,2335.843512,239.3527347,2393.527347,67.99903361,679.9903361
79400000,74.71763808,747.1763808,183.0200881,1830.200881,236.2779177,2362.779177,242.112819,2421.12819,68.78316113,687.8316113
81300000,75.60632981,756.0632981,185.1969294,1851.969294,239.0882077,2390.882077,244.9925093,2449.925093,69.60126818,696.0126818
83200000,76.48469634,764.8469634,187.3484792,1873.484792,241.8658466,2418.658466,247.8387422,2478.387422,70.40987011,704.0987011
85100000,77.35308941,773.5308941,189.4755991,1894.755991,244.6119466,2446.119466,250.6526573,2506.526573,71.20929072,712.0929072
87100000,78.25677765,782.5677765,191.6891742,1916.891742,247.4696597,2474.696597,253.5809419,2535.809419,72.04120318,720.4120318
89100000,79.1501488,791.501488,193.8774776,1938.774776,250.2947473,2502.947473,256.4757953,2564.757953,72.86361799,728.6361799
91200000,80.07746251,800.7746251,196.1489231,1961.489231,253.2271708,2532.271708,259.4806352,2594.806352,73.71727945,737.1727945
93300000,80.99415997,809.9415997,198.3943641,1983.943641,256.1260227,2561.260227,262.4510744,2624.510744,74.56116787,745.6116787
95500000,81.94351126,819.4351126,200.7197903,2007.197903,259.1281351,2591.281351,265.5273242,2655.273242,75.43511657,754.3511657
97700000,82.88198915,828.8198915,203.0185823,2030.185823,262.0958627,2620.958627,268.5683401,2685.683401,76.29905549,762.9905549
100000000,83.85189535,838.5189535,205.3943576,2053.943576,265.1629754,2651.629754,271.7111954,2717.111954,77.19192652,771.9192652
102000000,84.68626312,846.8626312,207.4381329,2074.381329,267.801478,2678.01478,274.414856,2744.14856,77.96002431,779.6002431
105000000,85.92262433,859.2262433,210.466587,2104.66587,271.7111954,2717.111954,278.4211242,2784.211242,79.09818706,790.9818706
107000000,86.73707499,867.3707499,212.4615755,2124.615755,274.2867146,2742.867146,281.060246,2810.60246,79.84794967,798.4794967
110000000,87.94460978,879.4460978,215.4194196,2154.194196,278.1052748,2781.052748,284.9731059,2849.731059,80.95957554,809.5957554
112000000,88.74050482,887.4050482,217.3689563,2173.689563,280.6221159,2806.221159,287.5521006,2875.521006,81.69225632,816.9225632
115000000,89.92113993,899.2113993,220.2609099,2202.609099,284.355612,2843.55612,291.3777956,2913.777956,82.77911903,827.7911903
117000000,90.69969247,906.9969247,222.1679664,2221.679664,286.8176113,2868.176113,293.9005942,2939.005942,83.49583474,834.9583474
120000000,91.85514914,918.5514914,224.9982456,2249.982456,290.4714861,2904.714861,297.6447017,2976.447017,84.55951883,845.5951883
123000000,92.99625065,929.9625065,227.7933621,2277.933621,294.0799659,2940.799659,301.3422932,3013.422932,85.60998791,856.0998791
126000000,94.12351909,941.2351909,230.5545946,2305.545946,297.6447017,2976.447017,304.9950604,3049.950604,86.64772262,866.4772262
129000000,95.23744566,952.3744566,233.2831463,2332.831463,301.1672468,3011.672468,308.6045951,3086.045951,87.67317515,876.7317515
132000000,96.33849317,963.3849317,235.9801509,2359.801509,304.6490648,3046.490648,312.1723968,3121.723968,88.68677154,886.8677154
135000000,97.42709827,974.2709827,238.6466779,2386.466779,308.0915364,3080.915364,315.6998804,3156.998804,89.68891376,896.8891376
138000000,98.50367347,985.0367347,241.2837378,2412.837378,311.4959661,3114.959661,319.1883828,3191.883828,90.67998157,906.7998157
141000000,99.568609,995.68609,243.8922865,2438.922865,314.8635879,3148.635879,322.6391683,3226.391683,91.66033419,916.6033419
145000000,100.9710528,1009.710528,247.3275583,2473.275583,319.2985047,3192.985047,327.1836058,3271.836058,92.95138839,929.5138839
148000000,102.0102334,1020.102334,249.8730204,2498.730204,322.5846823,3225.846823,330.5509357,3305.509357,93.90803166,939.0803166
151000000,103.0389341,1030.389341,252.3928121,2523.928121,325.8377193,3258.377193,333.8843068,3338.843068,94.85502736,948.5502736
155000000,104.3947678,1043.947678,255.713913,2557.13913,330.1252421,3301.252421,338.2777103,3382.777103,96.1031735,961.031735
158000000,105.4001981,1054.001981,258.1767041,2581.767041,333.3046918,3333.046918,341.5356767,3415.356767,97.02874709,970.2874709
162000000,106.7260389,1067.260389,261.4243375,2614.243375,337.4973685,3374.973685,345.8318918,3458.318918,98.24928245,982.4928245
166000000,108.0356098,1080.356098,264.6321181,2646.321181,341.6385954,3416.385954,350.0753867,3500.753867,99.45484022,994.5484022
170000000,109.3294956,1093.294956,267.801478,2678.01478,345.7302214,3457.302214,354.2680557,3542.680557,100.6459586,1006.459586
174000000,110.6082466,1106.082466,270.9337655,2709.337655,349.7739872,3497.739872,358.4116826,3584.116826,101.8231443,1018.231443
178000000,111.8723819,1118.723819,274.0302519,2740.302519,353.771534,3537.71534,362.5079492,3625.079492,102.9868752,1029.868752
182000000,113.1223914,1131.223914,277.0921375,2770.921375,357.7244113,3577.244113,366.558443,3665.58443,104.1376023,1041.376023
186000000,114.3587384,1143.587384,280.1205568,2801.205568,361.6340838,3616.340838,370.5646652,3705.646652,105.2757519,1052.757519
191000000,115.885625,1158.85625,283.8606497,2838.606497,366.462523,3664.62523,375.5123431,3755.123431,106.6813649,1066.813649
195000000,117.0927995,1170.927995,286.8176113,2868.176113,370.279944,3702.79944,379.4240355,3794.240355,107.7926591,1077.926591
200000000,118.5844876,1185.844876,290.4714861,2904.714861,374.9970761,3749.970761,384.2576576,3842.576576,109.1658694,1091.658694
204000000,119.7644618,1197.644618,293.3618208,2933.618208,378.7284822,3787.284822,388.0812111,3880.812111,110.2521237,1102.521237
209000000,121.2232789,1212.232789,296.9351782,2969.351782,383.3416666,3833.416666,392.8083185,3928.083185,111.5950736,1115.950736
214000000,122.6647478,1226.647478,300.4660416,3004.660416,387.8999917,3878.999917,397.4792117,3974.792117,112.9220533,1129.220533
219000000,124.0894733,1240.894733,303.9558919,3039.558919,392.4053692,3924.053692,402.0958498,4020.958498,114.2336194,1142.336194
224000000,125.4980255,1254.980255,307.4061261,3074.061261,396.8596023,3968.596023,406.6600806,4066.600806,115.5302968,1155.302968
229000000,126.890943,1268.90943,310.8180633,3108.180633,401.2643943,4012.643943,411.1736492,4111.736492,116.8125813,1168.125813
234000000,128.2687352,1282.687352,314.1929512,3141.929512,405.6213558,4056.213558,415.6382062,4156.382062,118.0809419,1180.809419
240000000,129.9027977,1299.027977,318.1955705,3181.955705,410.7887151,4107.887151,420.9331739,4209.331739,119.5852184,1195.852184
245000000,131.2489766,1312.489766,321.493022,3214.93022,415.0457067,4150.457067,425.2952922,4252.952922,120.8244765,1208.244765
251000000,132.8463861,1328.463861,325.40586,3254.0586,420.0971588,4200.971588,430.4714904,4304.714904,122.2950111,1222.950111
257000000,134.4248143,1344.248143,329.2722039,3292.722039,425.0885873,4250.885873,435.5861826,4355.861826,123.7480721,1237.480721
263000000,135.9849224,1359.849224,333.0936727,3330.936727,430.0220823,4300.220823,440.6415106,4406.415106,125.184268,1251.84268
269000000,137.5273338,1375.273338,336.8717936,3368.717936,434.8996154,4348.996154,445.6394948,4456.394948,126.6041728,1266.041728
275000000,139.0526374,1390.526374,340.6080091,3406.080091,439.7230489,4397.230489,450.5820433,4505.820433,128.0083286,1280.083286
282000000,140.8112772,1408.112772,344.9157793,3449.157793,445.2843563,4452.843563,456.2806876,4562.806876,129.6272877,1296.272877
288000000,142.3013852,1423.013852,348.5657833,3485.657833,449.9964913,4499.964913,461.1091891,4611.091891,130.9990433,1309.990433
295000000,144.0203598,1440.203598,352.7763941,3527.763941,455.4323665,4554.323665,466.6793036,4666.793036,132.5814877,1325.814877
302000000,145.719058,1457.19058,356.9373379,3569.373379,460.8041218,4608.041218,472.1837149,4721.837149,134.1452661,1341.452661
309000000,147.3981808,1473.981808,361.0503319,3610.503319,466.1139742,4661.139742,477.6246945,4776.246945,135.6910239,1356.910239
316000000,149.0583896,1490.583896,365.1169965,3651.169965,471.3640156,4713.640156,483.004386,4830.04386,137.2193701,1372.193701
324000000,150.9334116,1509.334116,369.7098436,3697.098436,477.2933558,4772.933558,489.0801517,4890.801517,138.9454677,1389.454677
331000000,152.5551526,1525.551526,373.6822814,3736.822814,482.4217509,4824.217509,494.3351929,4943.351929,140.4384013,1404.384013
339000000,154.3877126,1543.877126,378.1711184,3781.711184,488.2168145,4882.168145,500.2733662,5002.733662,142.1254095,1421.254095
347000000,156.1987741,1561.987741,382.607295,3826.07295,493.9438938,4939.438938,506.1418761,5061.418761,143.7926268,1437.926268
355000000,157.9890764,1579.890764,386.9926221,3869.926221,499.6053268,4996.053268,511.9431186,5119.431186,145.4407336,1454.407336
363000000,159.7593174,1597.593174,391.3288092,3913.288092,505.2033203,5052.033203,517.679355,5176.79355,147.0703725,1470.703725
372000000,161.7276789,1617.276789,396.1502905,3961.502905,511.4278259,5114.278259,524.0575753,5240.575753,148.8823962,1488.823962
380000000,163.4574359,1634.574359,400.3873126,4003.873126,516.8977979,5168.977979,529.6626286,5296.626286,150.4747666,1504.747666
389000000,165.3817885,1653.817885,405.1009946,4051.009946,522.9831352,5229.831352,535.8982438,5358.982438,152.2462768,1522.462768
398000000,167.2840058,1672.840058,409.7604564,4097.604564,528.9984745,5289.984745,542.0621324,5420.621324,153.9974097,1539.974097
407000000,169.1648345,1691.648345,414.367527,4143.67527,534.9461771,5349.461771,548.1567139,5481.567139,155.7288529,1557.288529
417000000,171.2304157,1712.304157,419.427147,4194.27147,541.4781184,5414.781184,554.849962,5548.49962,157.6303745,1576.303745
427000000,173.2713748,1732.713748,424.4264552,4244.264552,547.9321975,5479.321975,561.4634251,5614.634251,159.5092296,1595.092296
437000000,175.2885716,1752.885716,429.3675582,4293.675582,554.3111342,5543.111342,567.9998901,5679.998901,161.3662099,1613.662099
447000000,177.2828175,1772.828175,434.252443,4342.52443,560.6174933,5606.174933,574.4619852,5744.619852,163.202062,1632.02062
457000000,179.2548784,1792.548784,439.0829859,4390.829859,566.8536973,5668.536973,580.8521928,5808.521928,165.0174912,1650.174912
468000000,181.3993849,1813.993849,444.3359327,4443.359327,573.6352225,5736.352225,587.8011883,5878.011883,166.9916695,1669.916695
479000000,183.5188336,1835.188336,449.5275006,4495.275006,580.3375078,5803.375078,594.668987,5946.68987,168.9427801,1689.427801
490000000,185.6140828,1856.140828,454.6597919,4546.597919,586.9632674,5869.632674,601.4583703,6014.583703,170.8716133,1708.716133
501000000,187.6859429,1876.859429,459.7347921,4597.347921,593.5150644,5935.150644,608.1719644,6081.719644,172.7789152,1727.789152
513000000,189.9203781,1899.203781,465.2080181,4652.080181,600.5809688,6005.809688,615.4123619,6154.123619,174.8358795,1748.358795
525000000,192.1288288,1921.288288,470.6175954,4706.175954,607.5647032,6075.647032,622.5685601,6225.685601,176.8689232,1768.689232
537000000,194.312181,1943.12181,475.9656943,4759.656943,614.4690692,6144.690692,629.6434299,6296.434299,178.8788618,1788.788618
550000000,196.6501257,1966.501257,481.6924659,4816.924659,621.8622994,6218.622994,637.2192365,6372.192287,181.0311143,1810.311143
562000000,198.7838243,1987.838243,486.9189386,4869.189386,628.6096467,6286.096467,644.13321,6441.515328,182.9953431,1829.953431
575000000,201.0697815,2010.697815,492.5183674,4925.183674,635.8384782,6358.384773,651.5405581,9999,185.0997373,1850.997373
589000000,203.5028665,2035.028665,498.4781842,4984.781842,643.5325686,6435.242946,659.4246547,9999,187.3395736,1873.395736
603000000,205.9072032,2059.072032,504.3675822,5043.675822,651.1357488,9999,667.215596,9999,189.5529449,1895.529449
617000000,208.2837871,2082.837871,510.1890002,5101.890002,658.651167,9999,674.916608,9999,191.7407678,1917.407678
631000000,210.6335577,2106.335577,515.9447391,5159.447391,666.081794,9999,682.5307349,9999,193.9039069,1939.039069
646000000,213.1224218,2131.224218,522.0411862,5220.411862,673.9522734,9999,690.5955764,9999,196.195092,1961.95092
661000000,215.5825543,2155.825543,528.0672556,5280.672556,681.7318955,9999,698.5673169,9999,198.4598276,1984.598276
676000000,218.0149279,2180.149279,534.0253297,5340.253297,689.4237361,9999,706.4491081,9999,200.699009,2006.99009
692000000,220.5798976,2205.798976,540.3081968,5403.081968,697.5348826,9999,714.76056,9999,203.060255,2030.60255
708000000,223.115382,2231.15382,546.5188398,5465.188398,705.5527883,9999,722.9764684,9999,205.3943576,2053.943576
724000000,225.6223751,2256.223751,552.6596936,5526.596936,713.4805965,9999,731.1000545,9999,207.7022318,2077.022318
741000000,228.2558872,2282.558872,559.1104543,5591.104543,721.8084927,9999,739.6336088,9999,210.1265761,2101.265761
759000000,231.0115912,2310.115912,565.8605232,5658.605232,730.5227942,9999,748.5631105,9999,212.6634073,2126.634073
776000000,233.5843512,2335.843512,572.1624724,5721.624724,738.6585757,9999,756.8998058,9999,215.0318249,2150.318249
794000000,236.2779177,2362.779177,578.7603359,5787.603359,747.1763808,9999,765.6279588,9999,217.5114538,2175.114538
813000000,239.0882077,2390.882077,585.6441124,5856.441124,756.0632981,9999,774.7343392,9999,220.0985355,2200.985355
832000000,241.8658466,2418.658466,592.4479103,5924.479103,764.8469634,9999,783.7349177,9999,222.6555593,2226.555593
851000000,244.6119466,2446.119466,599.1744541,5991.744541,773.5308941,9999,792.6332988,9999,225.1835493,2251.835493
871000000,247.4696597,2474.696597,606.1743931,6061.743931,782.5677765,9999,801.8933477,9999,227.8142874,2278.142874
891000000,250.2947473,2502.947473,613.0944163,6130.944163,791.501488,9999,811.0476779,9999,230.4149914,2304.149914
912000000,253.2271708,2532.271708,620.2773574,6202.773574,800.7746251,9999,820.5498158,9999,233.114506,2331.14506
933000000,256.1260227,2561.260227,627.3780654,6273.780654,809.9415997,9999,829.9431696,9999,235.7831155,2357.831155
955000000,259.1281351,2591.281351,634.7317089,6347.317086,819.4351126,9999,839.6711255,9999,238.5467839,2385.467839
977000000,262.0958627,2620.958627,642.0011274,6420.017279,828.8198915,9999,849.2876622,9999,241.2787987,2412.787987
1000000000,265.1629754,2651.629754,649.5139885,9999,838.5189535,9999,859.2262433,9999,244.1023048,2441.023048
1020000000,267.801478,2678.01478,655.9769734,9999,846.8626312,9999,867.7759687,9999,246.5312433,2465.312433
1050000000,271.7111954,2717.111954,665.5537862,9999,859.2262433,9999,880.4449012,9999,250.1304299,2501.304299
1070000000,274.2867146,2742.867146,671.8624939,9999,867.3707499,9999,888.790537,9999,252.5013874,2525.013874
1100000000,278.1052748,2781.052748,681.2160181,9999,879.4460978,9999,901.1640865,9999,256.0166571,2560.166571
1120000000,280.6221159,2806.221159,687.3809946,9999,887.4050482,9999,909.3195839,9999,258.3335972,2583.335972
1150000000,284.355612,2843.55612,696.5261549,9999,899.2113993,9999,921.4174937,9999,261.7705588,2617.705588
1170000000,286.8176113,2868.176113,702.5567969,9999,906.9969247,9999,929.3952832,9999,264.0370129,2640.370129
1200000000,290.4714861,2904.714861,711.5069258,9999,918.5514914,9999,941.2351909,9999,267.4006773,2674.006773
1230000000,294.0799659,2940.799659,720.34586,9999,929.9625065,9999,952.9280018,9999,270.7225522,2707.225522
1260000000,297.6447017,2976.447017,729.0776438,9999,941.2351909,9999,964.479066,9999,274.0041575,2740.041575
1290000000,301.1672468,3011.672468,737.706082,9999,952.3744566,9999,975.8934168,9999,277.2469232,2772.469232
1320000000,304.6490648,3046.490648,746.2347593,9999,963.3849317,9999,987.1757964,9999,280.4521964,2804.521964
1350000000,308.0915364,3080.915364,754.6670581,9999,974.2709827,9999,998.3306792,9999,283.6212484,2836.212484
1380000000,311.4959661,3114.959661,763.0061738,9999,985.0367347,9999,1009.362292,9999,286.7552799,2867.552799
1410000000,314.8635879,3148.635879,771.2551289,9999,995.68609,9999,1020.274634,9999,289.8554271,2898.554271
1450000000,319.2985047,3192.985047,782.1184122,9999,1009.710528,9999,1034.645407,9999,293.938099,2939.38099
1480000000,322.5846823,3225.846823,790.1678704,9999,1020.102334,9999,1045.29384,9999,296.9632706,2969.632706
1510000000,325.8377193,3258.377193,798.1361513,9999,1030.389341,9999,1055.834884,9999,299.957934,2999.57934
1550000000,330.1252421,3301.252421,808.6383944,9999,1043.947678,9999,1069.728046,9999,303.9049186,3039.049186
1580000000,333.3046918,3333.046918,816.4264238,9999,1054.001981,9999,1080.030641,9999,306.8318393,3068.318393
1620000000,337.4973685,3374.973685,826.6963423,9999,1067.260389,9999,1093.616466,9999,310.691511,3106.91511
1660000000,341.6385954,3416.385954,836.8402352,9999,1080.356098,9999,1107.035575,9999,314.5038194,3145.038194
1700000000,345.7302214,3457.302214,846.8626312,9999,1093.294956,9999,1120.293958,9999,318.2704665,3182.704665
1740000000,349.7739872,3497.739872,856.767794,9999,1106.082466,9999,1133.397257,9999,321.9930547,3219.930547
1780000000,353.771534,3537.71534,866.5597439,9999,1118.723819,9999,1146.350789,9999,325.6730948,3256.730948
1820000000,357.7244113,3577.244113,876.2422762,9999,1131.223914,9999,1159.159576,9999,329.3120132,3293.120132
1860000000,361.6340838,3616.340838,885.8189789,9999,1143.587384,9999,1171.828362,9999,332.9111585,3329.111585
1910000000,366.462523,3664.62523,897.6461912,9999,1158.85625,9999,1187.474294,9999,337.3560971,3373.560971
1950000000,370.279944,3702.79944,906.9969247,9999,1170.927995,9999,1199.844151,9999,340.8703179,3408.703179
2000000000,374.9970761,3749.970761,918.5514914,9999,1185.844876,9999,1215.129406,9999,345.21279,3452.1279
2040000000,378.7284822,3787.284822,927.6915324,9999,1197.644618,9999,1227.220544,9999,348.6478278,3486.478278
2090000000,383.3416666,3833.416666,938.9914804,9999,1212.232789,9999,1242.16897,9999,352.8946083,3528.946083
2140000000,387.8999917,3878.999917,950.1570509,9999,1226.647478,9999,1256.939632,9999,357.0908866,3570.908866
2190000000,392.4053692,3924.053692,961.1929268,9999,1240.894733,9999,1271.538723,9999,361.2384228,3612.384228
2240000000,396.8596023,3968.596023,972.1035251,9999,1254.980255,9999,1285.972088,9999,365.3388767,3653.388767
2290000000,401.2643943,4012.643943,982.8930179,9999,1268.90943,9999,1300.245245,9999,369.3938164,3693.938164
2340000000,405.6213558,4056.213558,993.5653505,9999,1282.687352,9999,1314.363414,9999,373.4047246,3734.047246
2400000000,410.7887151,4107.887151,1006.222744,9999,1299.027977,9999,1331.107572,9999,378.1616645,3781.616645
2450000000,415.0457067,4150.457067,1016.650201,9999,1312.489766,9999,1344.901802,9999,382.0805429,3820.805429
2510000000,420.0971588,4200.971588,1029.023682,9999,1328.463861,9999,1361.270377,9999,386.7307815,3867.307815
2570000000,425.0885873,4250.885873,1041.250134,9999,1344.248143,9999,1377.444454,9999,391.3257639,3913.257639
2630000000,430.0220823,4300.220823,1053.33468,9999,1359.849224,9999,1393.430805,9999,395.8674141,3958.674141
2690000000,434.8996154,4348.996154,1065.282147,9999,1375.273338,9999,1409.235819,9999,400.3575473,4003.575473
2750000000,439.7230489,4397.230489,1077.097098,9999,1390.526374,9999,1424.865529,9999,404.7978777,4047.978777
2820000000,445.2843563,4452.843563,1090.719463,9999,1408.112772,9999,1442.886225,9999,409.9174762,4099.174762
2880000000,449.9964913,4499.964913,1102.26179,9999,1423.013852,9999,1458.155288,9999,414.255348,4142.55348
2950000000,455.4323665,4554.323665,1115.57691,9999,1440.203598,9999,1475.769536,9999,419.2594767,4192.594767
3020000000,460.8041218,4608.041218,1128.73497,9999,1457.19058,9999,1493.176013,9999,424.2045784,4242.045784
3090000000,466.1139742,4661.139742,1141.741399,9999,1473.981808,9999,1510.381901,9999,429.0926937,4290.926937
3160000000,471.3640156,4713.640156,1154.601321,9999,1490.583896,9999,1527.39398,9999,433.9257485,4339.257485
3240000000,477.2933558,4772.933558,1169.125179,9999,1509.334116,9999,1546.607238,9999,439.3841486,4393.841486
3310000000,482.4217509,4824.217509,1181.68713,9999,1525.551526,9999,1563.225137,9999,444.105219,4441.05219
3390000000,488.2168145,4882.168145,1195.882079,9999,1543.877126,9999,1582.00329,9999,449.4400075,4494.400075
3470000000,493.9438938,4939.438938,1209.910501,9999,1561.987741,9999,1600.561148,9999,454.7122113,4547.122113
3550000000,499.6053268,4996.053268,1223.778123,9999,1579.890764,9999,1618.906287,9999,459.9239828,4599.239828
3630000000,505.2033203,5052.033203,1237.490351,9999,1597.593174,9999,1637.045859,9999,465.0773535,4650.773535
3720000000,511.4278259,5114.278259,1252.737214,9999,1617.276789,9999,1657.215563,9999,470.8074755,4708.074755
3800000000,516.8977979,5168.977979,1266.135854,9999,1634.574359,9999,1674.940298,9999,475.8429928,4758.429928
3890000000,522.9831352,5229.831352,1281.041825,9999,1653.817885,9999,1694.659045,9999,481.4449999,4814.449999
3980000000,528.9984745,5289.984745,1295.776337,9999,1672.840058,9999,1714.150972,9999,486.9825686,4869.825686
4070000000,534.9461771,5349.461771,1310.345174,9999,1691.648345,9999,1733.423731,9999,492.4578726,4924.578726
4170000000,541.4781184,5414.781184,1326.345097,9999,1712.304157,9999,1754.58964,9999,498.471012,4984.71012
4270000000,547.9321975,5479.321975,1342.154298,9999,1732.713748,9999,1775.503246,9999,504.4124734,5044.124734
4370000000,554.3111342,5543.111342,1357.779437,9999,1752.885716,9999,1796.173363,9999,510.2847605,5102.847605
4470000000,560.6174933,5606.174933,1373.226799,9999,1772.828175,9999,1816.608303,9999,516.0902347,5160.902347
4570000000,566.8536973,5668.536973,1388.502317,9999,1792.548784,9999,1836.815913,9999,521.8311258,5218.311258
4680000000,573.6352225,5736.352225,1405.113594,9999,1813.993849,9999,1858.790566,9999,528.0740258,5280.740258
4790000000,580.3375078,5803.375078,1421.530773,9999,1835.188336,9999,1880.508453,9999,534.2439795,5342.439795
4900000000,586.9632674,5869.632674,1437.760503,9999,1856.140828,9999,1901.978368,9999,540.3434856,5403.434856
5010000000,593.5150644,5935.150644,1453.809063,9999,1876.859429,9999,1923.208617,9999,546.3749037,5463.749037
5130000000,600.5809688,6005.809688,1471.116923,9999,1899.203781,9999,1946.104764,9999,552.8795959,5528.795959
5250000000,607.5647032,6075.647032,1488.223509,9999,1921.288288,9999,1968.734649,9999,559.3086445,5593.086445
5370000000,614.4690692,6144.690692,1505.135682,9999,1943.12181,9999,1991.107352,9999,565.6646286,5656.646286
5500000000,621.8622994,6218.622994,1523.245324,9999,1966.501257,9999,2015.064156,9999,572.4706487,5724.706487
5620000000,628.6096467,6286.096467,1539.772882,9999,1987.838243,9999,2036.92806,9999,578.6820853,5786.820853
5750000000,635.8384782,6358.384773,1557.47983,9999,2010.697815,9999,2060.352152,9999,585.3367641,5853.367641
5890000000,643.5325686,6435.242946,1576.326426,9999,2035.028665,9999,2085.283854,9999,592.4197484,5924.197484
6030000000,651.1357488,9999,1594.950338,9999,2059.072032,9999,2109.920974,9999,599.4190431,5994.190431
6170000000,658.651167,9999,1613.359278,9999,2082.837871,9999,2134.273712,9999,606.3375464,6063.375464
6310000000,666.081794,9999,1631.560522,9999,2106.335577,9999,2158.351695,9999,613.177993,6131.77993
6460000000,673.9522734,9999,1650.839181,9999,2131.224218,9999,2183.854964,9999,620.4233566,6204.233566
6610000000,681.7318955,9999,1669.895285,9999,2155.825543,9999,2209.06382,9999,627.5850792,6275.850792
6760000000,689.4237361,9999,1688.73637,9999,2180.149279,9999,2233.988232,9999,634.6659924,6346.65992
6920000000,697.5348826,9999,1708.60454,9999,2205.798976,9999,2260.271351,9999,642.132908,6421.313322
7080000000,705.5527883,9999,1728.244318,9999,2231.15382,9999,2286.252335,9999,649.5139885,9999
7240000000,713.4805965,9999,1747.663403,9999,2256.223751,9999,2311.94137,9999,656.8121275,9999
7410000000,721.8084927,9999,1768.062499,9999,2282.558872,9999,2338.926838,9999,664.4785774,9999
7590000000,730.5227942,9999,1789.408091,9999,2310.115912,9999,2367.164402,9999,672.5007421,9999
7760000000,738.6585757,9999,1809.336605,9999,2335.843512,9999,2393.527347,9999,679.9903361,9999
7940000000,747.1763808,9999,1830.200881,9999,2362.779177,9999,2421.12819,9999,687.8316113,9999
8130000000,756.0632981,9999,1851.969294,9999,2390.882077,9999,2449.925093,9999,696.0126818,9999
8320000000,764.8469634,9999,1873.484792,9999,2418.658466,9999,2478.387422,9999,704.0987011,9999
8510000000,773.5308941,9999,1894.755991,9999,2446.119466,9999,2506.526573,9999,712.0929072,9999
8710000000,782.5677765,9999,1916.891742,9999,2474.696597,9999,2535.809419,9999,720.4120318,9999
8910000000,791.501488,9999,1938.774776,9999,2502.947473,9999,2564.757953,9999,728.6361799,9999
9120000000,800.7746251,9999,1961.489231,9999,2532.271708,9999,2594.806352,9999,737.1727945,9999
9330000000,809.9415997,9999,1983.943641,9999,2561.260227,9999,2624.510744,9999,745.6116787,9999
9550000000,819.4351126,9999,2007.197903,9999,2591.281351,9999,2655.273242,9999,754.3511657,9999
9770000000,828.8198915,9999,2030.185823,9999,2620.958627,9999,2685.683401,9999,762.9905549,9999
10000000000,838.5189535,9999,2053.943576,9999,2651.629754,9999,2717.111954,9999,771.9192652,9999
